{
    "initial_gcc_size": 0.04008016032064128,
    "targeted_decay": [
        0.04008016032064128,
        0.04008016032064128,
        0.02004008016032064,
        0.012024048096192385,
        0.012024048096192385,
        0.012024048096192385,
        0.012024048096192385,
        0.012024048096192385,
        0.012024048096192385,
        0.01002004008016032,
        0.01002004008016032,
        0.01002004008016032,
        0.008016032064128256,
        0.008016032064128256,
        0.004008016032064128,
        0.004008016032064128,
        0.004008016032064128,
        0.004008016032064128,
        0.004008016032064128,
        0.004008016032064128,
        0.004008016032064128,
        0.004008016032064128,
        0.004008016032064128,
        0.004008016032064128,
        0.004008016032064128,
        0.004008016032064128,
        0.004008016032064128,
        0.004008016032064128,
        0.004008016032064128,
        0.004008016032064128,
        0.004008016032064128,
        0.004008016032064128,
        0.004008016032064128,
        0.004008016032064128,
        0.004008016032064128,
        0.004008016032064128,
        0.004008016032064128,
        0.004008016032064128,
        0.004008016032064128,
        0.004008016032064128,
        0.002004008016032064,
        0.002004008016032064,
        0.002004008016032064,
        0.002004008016032064,
        0.002004008016032064,
        0.002004008016032064,
        0.002004008016032064,
        0.002004008016032064,
        0.002004008016032064,
        0.0
    ],
    "random_mean_decay": [
        0.040080160320641316,
        0.03851703406813627,
        0.03725450901803604,
        0.036052104208416806,
        0.034829659318637254,
        0.03354709418837673,
        0.0320440881763527,
        0.031162324649298596,
        0.02981963927855711,
        0.028897795591182357,
        0.02793587174348696,
        0.027074148296593187,
        0.02601202404809618,
        0.024609218436873734,
        0.023787575150300583,
        0.02288577154308616,
        0.02200400801603205,
        0.0209819639278557,
        0.019919839679358717,
        0.018997995991983964,
        0.01851703406813627,
        0.017635270541082156,
        0.01669338677354709,
        0.016052104208416827,
        0.015170340681362719,
        0.014228456913827646,
        0.013446893787575145,
        0.012765531062124245,
        0.012204408817635268,
        0.011723446893787575,
        0.010961923847695397,
        0.010240480961923855,
        0.009579158316633274,
        0.00851703406813628,
        0.007815631262525057,
        0.0073747494989980025,
        0.006893787575150306,
        0.006312625250501008,
        0.005951903807615236,
        0.005430861723446898,
        0.004969939879759523,
        0.004468937875751506,
        0.003847695390781566,
        0.0033867735470941907,
        0.0029058116232464947,
        0.0025651302605210436,
        0.002364729458917837,
        0.0021643286573146308,
        0.0020040080160320657,
        0.0
    ],
    "random_std_decay": [
        3.469446951953614e-17,
        0.003124967620444211,
        0.003597124610662895,
        0.004160380490802455,
        0.0047994213864586445,
        0.005042937950022627,
        0.005528265971505732,
        0.0054836265701451396,
        0.005446184449366903,
        0.0055187047924248845,
        0.00550879896863582,
        0.0053810134175989455,
        0.005429197624200386,
        0.005466792821363529,
        0.005322178976120516,
        0.005234874020299781,
        0.005392085128203285,
        0.0053282122540222005,
        0.005315874438896792,
        0.0057349653662158925,
        0.005711387687547802,
        0.005377317781562619,
        0.00522623621026857,
        0.004937308025036948,
        0.004752964582933178,
        0.004330697952900663,
        0.003919821237523776,
        0.003713151603333487,
        0.0035971246106628963,
        0.003644595887669984,
        0.0036892802430409004,
        0.003561218665628965,
        0.003419521272110873,
        0.0033816707476325056,
        0.0031495458207418258,
        0.0029977173469042354,
        0.0029222807428550203,
        0.0028954275103807393,
        0.00275439948431791,
        0.0025077339899075212,
        0.002462240088722672,
        0.0024190460367211272,
        0.001956962824165724,
        0.0016693519090478742,
        0.0013992224492754457,
        0.001136468687675979,
        0.0008679922977037155,
        0.000543673746142307,
        1.734723475976807e-18,
        0.0
    ]
}